{
    "Blazer": {
        "no_dress": 0.8679787578970887,
        "solid": 0.7301103743009789,
        "conventional": 0.8011114389397377,
        "long_sleeve": 0.6424017655988072,
        "cotton": 0.6318480462528938,
        "v_neckline": 0.3261507924865274,
        "no_neckline": 0.30011207601392126,
        "crew_neckline": 0.32279132012017936,
        "sleeveless": 0.2568125776946545,
        "graphic": 0.1615396457222792,
        "loose": 0.10592277348041534,
        "tight": 0.16148853302001953,
        "floral": 0.16023278023515428,
        "short_sleeve": 0.17664139438420534,
        "knit": 0.15979814742292678,
        "denim": 0.18728727102279663,
        "chiffon": 0.1341368854045868,
        "mini_length": 0.18246035277843475
    },
    "Shorts": {
        "conventional": 0.740507371652694,
        "no_dress": 0.7930719517526172,
        "cotton": 0.6097472568353017,
        "solid": 0.6342997633275531,
        "long_sleeve": 0.336297356220613,
        "no_neckline": 0.5764603069850377,
        "sleeveless": 0.5341150292328426,
        "crew_neckline": 0.30442985109608584,
        "floral": 0.2605229454735915,
        "graphic": 0.26011472236779,
        "tight": 0.25138352235609834,
        "denim": 0.2069338924354977,
        "v_neckline": 0.23219682321403967,
        "mini_length": 0.2620282486865395,
        "chiffon": 0.23324530029838736,
        "short_sleeve": 0.23870664631778543,
        "loose": 0.21080859502156576,
        "embroidered": 0.2112869694828987
    },
    "Tee": {
        "no_dress": 0.8339314027266069,
        "conventional": 0.8149038688703016,
        "crew_neckline": 0.5723842844947592,
        "cotton": 0.6622860988368203,
        "solid": 0.504271117962284,
        "short_sleeve": 0.2916196383683398,
        "graphic": 0.25659519362839023,
        "long_sleeve": 0.3639006563011677,
        "sleeveless": 0.34482707265430734,
        "no_neckline": 0.29697419618819393,
        "v_neckline": 0.22872775322512576,
        "chiffon": 0.23216944331159958,
        "knit": 0.1668774113059044,
        "mini_length": 0.24129000585526228,
        "tight": 0.22166629561356135,
        "floral": 0.24771709591150284,
        "embroidered": 0.2578868269920349
    },
    "Jacket": {
        "no_dress": 0.8638200351725454,
        "conventional": 0.8108685120292332,
        "long_sleeve": 0.6179228632346444,
        "solid": 0.6994623807461365,
        "cotton": 0.6102079473759817,
        "v_neckline": 0.3072004049331292,
        "crew_neckline": 0.34248154707576917,
        "no_neckline": 0.3086053632445388,
        "knit": 0.1649210017461043,
        "sleeveless": 0.26456953460971516,
        "graphic": 0.19873603587520533,
        "short_sleeve": 0.18152412985052382,
        "tight": 0.19025354087352753,
        "loose": 0.12942884862422943,
        "denim": 0.19616164515415827,
        "chiffon": 0.1533418686853515,
        "floral": 0.1430925950407982,
        "mini_length": 0.2188672423362732
    },
    "Jeans": {
        "no_dress": 0.8762364576733301,
        "solid": 0.8232219044178252,
        "conventional": 0.7718016093685514,
        "no_neckline": 0.7454853599506711,
        "sleeveless": 0.6499738518207793,
        "cotton": 0.5334186449883476,
        "tight": 0.24394013298054537,
        "long_sleeve": 0.2543205280034315,
        "denim": 0.24991031233062092,
        "crew_neckline": 0.16795352945725123,
        "floral": 0.1419135633596154,
        "v_neckline": 0.1897382140159607,
        "loose": 0.10803409417470296,
        "graphic": 0.19510048627853394,
        "embroidered": 0.07254624366760254,
        "mini_length": 0.1915791630744934
    },
    "Skirt": {
        "no_dress": 0.7229998751384455,
        "conventional": 0.762324654474491,
        "sleeveless": 0.5822023160573913,
        "no_neckline": 0.5635980876480661,
        "cotton": 0.5928041600599522,
        "solid": 0.551957468688488,
        "crew_neckline": 0.3265694641485447,
        "chiffon": 0.23484281936417456,
        "long_sleeve": 0.31867319386866355,
        "graphic": 0.24272697361615989,
        "short_sleeve": 0.23980056388037546,
        "tight": 0.24742233902215957,
        "mini_length": 0.24867330403888926,
        "floral": 0.2561548762023449,
        "v_neckline": 0.2257092148065567,
        "denim": 0.2133205235004425,
        "knit": 0.22732378542423248,
        "maxi_length": 0.20016160607337952,
        "embroidered": 0.1918701007962227
    },
    "Dress": {
        "conventional": 0.7700805111469232,
        "no_dress": 0.6211335940379135,
        "cotton": 0.6342368476820451,
        "sleeveless": 0.5815065501273171,
        "solid": 0.45851464909749207,
        "crew_neckline": 0.4196005231256984,
        "no_neckline": 0.45437726376388354,
        "long_sleeve": 0.3425958471365243,
        "mini_length": 0.30015067247557026,
        "floral": 0.2646027489916071,
        "chiffon": 0.25806706512378436,
        "short_sleeve": 0.2508529896116526,
        "graphic": 0.25460733924092366,
        "v_neckline": 0.2571082136283318,
        "maxi_length": 0.23776532113552093,
        "tight": 0.24061696557328105,
        "embroidered": 0.195272296667099
    },
    "Sweater": {
        "no_dress": 0.855612376704812,
        "conventional": 0.825391341621677,
        "solid": 0.5739952167496085,
        "cotton": 0.6089253562192122,
        "long_sleeve": 0.5425722651804487,
        "crew_neckline": 0.4996016379445791,
        "short_sleeve": 0.25560419987409544,
        "v_neckline": 0.2619556035750952,
        "sleeveless": 0.28201070899764696,
        "no_neckline": 0.28015359287912195,
        "graphic": 0.23384261620896205,
        "knit": 0.1825517989695072,
        "chiffon": 0.20915565080940723,
        "tight": 0.20931746065616608,
        "floral": 0.2480754479765892,
        "striped": 0.19685257971286774
    },
    "Leggings": {
        "no_dress": 0.7721137230594953,
        "solid": 0.7130455846587817,
        "conventional": 0.7167813815176487,
        "no_neckline": 0.6346276830881834,
        "sleeveless": 0.6501395143568516,
        "cotton": 0.5803437785555919,
        "long_sleeve": 0.29485111738123543,
        "tight": 0.2632098454744258,
        "crew_neckline": 0.2471690108609754,
        "denim": 0.20311983115971088,
        "mini_length": 0.20753227174282074,
        "floral": 0.19301316825052103,
        "short_sleeve": 0.19752196967601776,
        "v_neckline": 0.19417519867420197
    },
    "Cardigan": {
        "conventional": 0.7751137695814434,
        "no_dress": 0.8091250520003469,
        "long_sleeve": 0.5720221701421235,
        "solid": 0.6139671830754531,
        "cotton": 0.6146826097839757,
        "crew_neckline": 0.3729413357220198,
        "v_neckline": 0.29638000625245114,
        "no_neckline": 0.338364350435498,
        "short_sleeve": 0.21256133168935776,
        "sleeveless": 0.3335700011116335,
        "knit": 0.19422637857496738,
        "graphic": 0.1983366661494778,
        "chiffon": 0.1956531455119451,
        "floral": 0.19705757957238418,
        "mini_length": 0.16331889231999716,
        "tight": 0.18782554318507513
    },
    "Blouse": {
        "no_dress": 0.770794533766233,
        "conventional": 0.8235850705133452,
        "cotton": 0.6212962665757933,
        "long_sleeve": 0.5342044744875047,
        "solid": 0.517164999371642,
        "crew_neckline": 0.47311922157561026,
        "v_neckline": 0.3109719575870605,
        "sleeveless": 0.29839983983200136,
        "no_neckline": 0.27445577406163874,
        "chiffon": 0.23084468772607064,
        "graphic": 0.2153679572045803,
        "short_sleeve": 0.24164651663272413,
        "knit": 0.16250565896431604,
        "floral": 0.25109926079000744,
        "mini_length": 0.27688392996788025
    },
    "Joggers": {
        "no_dress": 0.8442389504476027,
        "conventional": 0.744839692657644,
        "solid": 0.7638579308986664,
        "cotton": 0.5941222337159243,
        "no_neckline": 0.6245676170695912,